{"cameraMode":{"drawMode":0,"name":"Shaded","section":"Shading Mode"},"sceneLighting":true,"audioPlay":false,"sceneViewState":{"m_AlwaysRefresh":false,"showFog":true,"showSkybox":true,"showFlares":true,"showImageEffects":true,"showParticleSystems":true,"showVisualEffectGraphs":true,"m_FxEnabled":true},"in2DMode":false,"pivot":{"x":1.1328837871551514,"y":-3.386733055114746,"z":18.890962600708009},"rotation":{"x":0.14659921824932099,"y":0.04893694072961807,"z":-0.007267195265740156,"w":0.9879704117774963},"size":10.116514205932618,"orthographic":false}